sigla;dsc_sigla
a1;A1 - Assistência Judiciária Gratuita em relação à Despesa Total da Justiça
a2;A2 - Assistência Judiciária Gratuita por 100.000 habitantes (R$)
a3;A3 – Percentual de processos de justiça gratuita arquivados definitivamente
ano;Ano
apublic2;Apublic2º - Acórdãos Publicados no 2º Grau
areakm;Área em Quilômetros Quadrados
cc;Total de Cargos em Comissão
ch;Ch - Casos Novos por 100.000 habitantes
ch1;Ch1º - Casos Novos por 100.000 habitantes no 1º Grau
ch1jetr;Ch1º - Casos Novos por 100.000 habitantes no 1º Grau, juizados Especiais e Turmas Recursais
ch2;Ch2º - Casos Novos por 100.000 habitantes no 2º Grau
chje;ChJE - Casos Novos por 100.000 habitantes nos Juizados Especiais
chstm;ChSTM – Casos Novos por 100.000 habitantes no STM
chtr;ChTR - Casos Novos por 100.000 habitantes nas Turmas Recursais
chtru;ChTRU - Casos Novos por 100.000 habitantes nas Turmas Regionais de Uniformização
cm;Cm - Casos Novos por Magistrado
cm1;Cm1º - Casos Novos por Magistrado no 1º Grau
cm2;Cm2º - Casos Novos por Magistrado no 2º Grau
cmje;CmJE - Casos Novos por Magistrado nos Juizados Especiais
cmstm;CmSTM – Casos Novos por Magistrado no STM
cmtr;CmTR - Casos Novos por Magistrado nas Turmas Recursais
cmtru;CmTRU - Casos Novos por Magistrado nas Turmas Regionais de Uniformização
cn;Cn - Casos Novos
cn1;Cn1º - Casos Novos no 1º Grau
cn2;Cn2º - Casos Novos no 2º Grau
cn3;Cn3 - Casos Novos nos Tribunais Superiores.
cnc1;CnC1º - Casos Novos de Conhecimento no 1º Grau
cnccrim1;CnCCrim1º - Casos Novos de Conhecimento no 1º Grau Criminais
cnccrimje;CnCCrimJE - Casos Novos de Conhecimento nos Juizados Especiais Criminais
cnce1;CnCE1º - Casos Novos no 1º Grau Contra os Estados, Distrito Federal, Autarquias, Fundações e Empresas Públicas Estaduais ou Distritais
cnce2;CnCE2º - Casos Novos no 2º Grau Contra os Estados, Distrito Federal, Autarquias, Fundações e Empresas Públicas Estaduais ou Distritais
cncf1;CnCF1º - Casos Novos no 1º Grau Contra a União, Autarquias, Fundações e Empresas Públicas Federais
cncf2;CnCF2º - Casos Novos no 2º Grau Contra a União, Autarquias, Fundações e Empresas Públicas Federais
cncje;CnCJE - Casos Novos de Conhecimento nos Juizados Especiais
cncm1;CnCM1º - Casos Novos no 1º Grau Contra os Municípios, Autarquias, Fundações e Empresas Públicas Municipais
cncm2;CnCM2º - Casos Novos no 2º Grau Contra os Municípios, Autarquias, Fundações e Empresas Públicas Municipais
cncncrim1;CnCNCrim1º - Casos Novos de Conhecimento no 1º Grau Não-Criminais
cncncrimje;CnCNCrimJe - Casos Novos de Conhecimento nos Juizados Especiais Não-Criminais
cncrim;CnCrim - Total de Casos Novos Criminais
cncrim2;CnCrim2º - Casos Novos no 2º Grau Criminais
cncrimtr;CnCrimTR - Casos Novos nas Turmas Recursais Criminais
cnelet;CnElet - Casos Novos Eletrônicos
cnelet1;CnElet1º - Casos Novos Eletrônicos no 1º Grau
cnelet2;CnElet2º - Casos Novos Eletrônicos no 2º Grau
cneletje;CnEletJE - Casos Novos Eletrônicos nos Juizados Especiais
cnelettr;CnEletTR - Casos Novos Eletrônicos nas Turmas Recursais
cnex1;CnEx1º - Casos Novos de Execução no 1º Grau
cnexje;CnExJE - Casos Novos de Execução nos Juizados Especiais
cnext1;CnExt1º - Casos Novos de Execução de Título Extrajudicial no 1º Grau
cnextfisc1;CnExtFisc1º - Casos Novos de Execução Fiscal no 1º grau
cnextje;CnExtJE - Casos Novos de Execução de Título Extrajudicial nos Juizados Especiais
cnextncrimje;(CnExtJE + ExeJudNCrimJE) Total de Casos novos Extrajudiciais e de Execuções Judiciais não Criminais nos Juizados Especiais
cnextnfisc1;CnExtNFisc1º - Casos Novos de Execução de Título Extrajudicial no 1º grau, exceto execuções fiscais
cnje;CnJE - Casos Novos nos Juizados Especiais
cnncrim;CnNCrim - Total de Casos Novos Não-Criminais
cnncrim2;CnNCrim2º - Casos Novos no 2º Grau Não-Criminais
cnncrimtr;CnNCrimTr - Casos Novos nas Turmas Recursais Não-criminais
cnnjud;Total de casos novos (exceto execuções judiciais)
cno3;Casos novos originários nos Tribunais Superiores
cnocrim3;Casos novos criminais originários nos Tribunais Superiores
cnoncrim3;Casos novos não criminais originários nos Tribunais Superiores
cnpe1;CnPE1º - Casos Novos no 1º Grau Propostos Pelos Estados, Distrito Federal, Autarquias, Fundações e Empresas Públicas Estaduais ou Distritais
cnpe2;CnPE2º - Casos Novos no 2º Grau Propostos Pelos Estados, Distrito Federal, Autarquias, Fundações e Empresas Públicas Estaduais ou Distritais
cnpf1;CnPF1º - Casos Novos no 1º Grau Propostos Pela União, Autarquias, Fundações e Empresas Públicas Federais
cnpf2;CnPF2º - Casos Novos no 2º Grau Propostos Pela União, Autarquias, Fundações e Empresas Públicas Federais
cnpm1;CnPM1º - Casos Novos no 1º Grau Propostos Pelos Municípios, Autarquias, Fundações e Empresas Públicas Municipais
cnpm2;CnPM2º - Casos Novos no 2º Grau Propostos Pelos Municípios, Autarquias, Fundações e Empresas Públicas Municipais
cnr3;Casos novos originários nos Tribunais Superiores
cnrcrim3;Casos novos criminais recursais nos Tribunais Superiores
cnrncrim3;Casos novos não criminais recursais nos Tribunais Superiores
cntr;CnTR - Casos Novos na Turma Recursal
comp;Comp - Número de computadores de uso pessoal
cp;Cp - Casos Pendentes
cp1;Cp1º - Casos Pendentes no 1º Grau
cp2;Cp2º - Casos Pendentes no 2º Grau
cp3;Cp3 - Casos Pendentes nos Tribunais Superiores.
cpc1;CpC1º - Casos Pendentes de Conhecimento no 1º Grau
cpccrim1;CpCCrim1º - Casos Pendentes de Conhecimento no 1º Grau Criminais
cpccrimje;CpCCrimJE - Casos Pendentes de Conhecimento nos Juizados Especiais Criminais
cpce1;CpCE1º - Casos Pendentes no 1º Grau Contra os Estados, Distrito Federal, Autarquias, Fundações e Empresas Públicas Estaduais ou Distritais
cpce2;CpCE2º - Casos Pendentes no 2º Grau Contra os Estados, Distrito Federal, Autarquias, Fundações e Empresas Públicas Estaduais ou Distritais
cpcf1;CpCF1º - Casos Pendentes no 1º Grau Contra a União, Autarquias, Fundações e Empresas Públicas Federais
cpcf2;CpCF2º - Casos Pendentes no 2º Grau Contra a União, Autarquias, Fundações e Empresas Públicas Federais
cpcje;CpCJE - Casos Pendentes nos Juizados Especiais
cpcm1;CpCM1º - Casos Pendentes no 1º Grau Contra os Municípios, Autarquias, Fundações e Empresas Públicas Municipais
cpcm2;CpCM2º - Casos Pendentes no 2º Grau Contra os Municípios, Autarquias, Fundações e Empresas Públicas Municipais
cpcncrim1;CpCNCrim1º - Casos Pendentes de Conhecimento no 1º Grau Não-Criminais
cpcncrimje;CpCNCrimJE - Casos Pendentes de Conhecimento nos Juizados Especiais Não-Criminais
cpcrim;CpCrim - Total de Casos Pendentes Criminais
cpcrim2;CpCrim2º - Casos Pendentes no 2º Grau Criminais
cpcrim3;Casos pendentes criminais nos Tribunais Superiores
cpcrimtr;CpCrimTr - Casos Pendentes nas Turmas Recursais Criminais
cpex1;CpEx1º - Casos Pendentes de Execução no 1º Grau
cpexje;CpExJE - Casos Pendentes de Execução nos Juizados Especiais
cpext1;CpExt1º - Casos Pendentes de Execução de Título Extrajudicial no 1º Grau
cpextfisc1;CpExtFisc1º - Casos Pendentes de Execução Fiscal no 1º grau
cpextje;CpExtJE - Casos Pendentes de Execução de Título Extrajudicial nos Juizados Especiais
cpextncrimje;(CpExtJE + ExeJudPNCrimJE)Total de Casos pendentes Extrajudiciais e de Execuções Judiciais pendentes não Criminais nos Juizados Especiais
cpextnfisc1;CpExtNFisc1º - Casos Pendentes de Execução de Título Extrajudicial no 1º grau, exceto execuções fiscais
cpje;CpJE - Casos Pendentes nos Juizados Especiais
cpncrim;CpNCrim - Total de Casos Pendentes Não-Criminais
cpncrim2;CpNCrim2º - Casos Pendentes no 2º Grau Não-Criminais
cpncrim3;CpNCrim3 - Número de casos pendentes não criminais nos Tribunais Superiores.
cpncrimtr;CpNCrimTR - Casos Pendentes nas Turmas Recursais Não-Criminais
cppe1;CpPE1º - Casos Pendentes no 1º Grau Propostos Pelos Estados, Distrito Federal, Autarquias, Fundações e Empresas Públicas Estaduais ou Distritais
cppe2;CpPE2º - Casos Pendentes no 2º Grau Propostos Pelos Estados, Distrito Federal, Autarquias, Fundações e Empresas Públicas Estaduais ou Distritais
cppf1;CpPF1º - Casos Pendentes no 1º Grau Propostos Pela União, Autarquias, Fundações e Empresas Públicas Federais
cppf2;CpPF2º - Casos Pendentes no 2º Grau Propostos Pela União, Autarquias, Fundações e Empresas Públicas Federais
cppm1;CpPM1º - Casos Pendentes no 1º Grau Propostos Pelos Municípios, Autarquias, Fundações e Empresas Públicas Municipais
cppm2;CpPM2º - Casos Pendentes no 2º Grau Propostos Pelos Municípios, Autarquias, Fundações e Empresas Públicas Municipais
cptr;CpTR - Casos Pendentes na Turma Recursal
cs;Cs - Casos Novos por Servidor
cs1;Cs1º - Casos Novos por Servidor no 1º Grau
cs2;Cs2º - Casos Novos por Servidor no 2º Grau
csje;CsJE - Casos Novos por Servidor nos Juizados Especiais
csstm;CsSTM – Casos Novos por Servidor no STM
cstr;CsTR - Casos Novos por Servidor nas Turmas Recursais
cstru;CsTRU - Casos Novos por Servidor nas Turmas Regionais de Uniformização
dben;DBen - Despesas com Benefícios
dbena;DBenA – Despesas com Benefícios do Pessoal do Quadro Ativo
dbs;DBS - Despesa com Bens e Serviços e de Capital
dct;DCt - Despesa com Custeio
dec2;Dec2º - Total de Decisões que põem fim à relação processual no 2º Grau
dec3;Dec3 - Total de Decisões que põem fim à relação processual
deccrim2;DecCrim2º - Decisões que põem fim à relação processual no processo criminal no 2º Grau
deccrim3;Total de decisões criminais nos Tribunais Superiores
deccrimtr;DecCrimTR - Decisões que põem fim à relação processual no processo criminal nas Turmas Recursais
decncrim2;DecNCrim2º - Decisões que põem fim à relação processual no processo não-criminal no 2º Grau
decncrim3;DecNCrim3 - Número de decisões não criminais nos Tribunais Superiores.
decncrimtr;DecNCrimTR - Decisões que põem fim à relação processual no processo não-criminal nas Turmas Recursais
dectr;DecTR - Total de Decisões que põem fim à relação processual na Turma Recursal
deimpje;DeImpJE - Decisões nos Juizados Especiais Passíveis de Impugnação
dem;Dem - Demandantes
denc;DEnc - Despesas com Encargos
depjud;DepJud - Saldo de Depósitos Judiciais
derext1;DeRExt1º - Decisões no 1º Grau Passíveis de Recurso Externo
derextje;DeRExtJE - Decisões nos Juizados Especiais Passíveis de Recurso Externo
derint2;DeRInt2º - Decisões Passíveis de Recurso Interno no 2º Grau
derinttr;DeRIntTR - Decisões nas Turmas Recursais Passíveis de Recurso Interno
dest;DEst - Despesas com Estagiários
dinf1;DInf1 - Despesa com Aquisições em Tecnologia de Informação e Comunicação da Justiça
dinf2;DInf2 - Despesa com Custeio da Tecnologia de Informação e Comunicação da Justiça
dinf3;DInf3 - Despesa com Contratos da Tecnologia de Informação e Comunicação da Justiça
dip;Dip - Outras Despesas Indenizatórias e Indiretas com Recursos Humanos
dk;Dk - Despesa com Capital
dm;Dm² – Área Útil em relação à Área Total (em metros quadrados)
dpcn;DpCn - Despesas por Casos Novos.
dpe;DPE - Despesa com Pessoal e Encargos
dpea;DPEA - Despesa com Pessoal e Encargos do Quadro Ativo
dpei;DPeI - Despesa com Pessoal do Quadro Inativo
dpj;Dpj - Despesa Total da Justiça
dpjio;Despesa total (Exceto gastos com inativos e obras)
dpmag;DpMag - Despesas por Magistrado.
drem;DRem - Despesas com Remuneração, Proventos e Pensão
drh;DRH - Despesa com Recursos Humanos
dsc_tribunal;Descrição do Tribunal
dter;DTer - Despesas com Terceirizados
eff;IPC-Jus
eff1;IPC-Jus 1º grau
eff2;IPC-Jus 2º grau
el;Número de eleitores
eo1;EO1 – Execução Orçamentária das Despesas com Pessoal e Encargos
eo2;EO2 – Execução Orçamentária das Despesas de Capital
eo3;EO3 – Execução Orçamentária de Outras Despesas Correntes
exejud1;ExeJud1º - Casos Novos de Execução Judicial no 1º Grau
exejudcrimnpl1;ExeJudCrimNPL1º - Execuções de Penas Não-Privativas de Liberdade no 1º Grau
exejudcrimnplje;ExeJudCrimNPLJE - Execuções de Penas Não-Privativas de Liberdade nos Juizados Especiais
exejudcrimpl1;ExeJudCrimPL1º - Execuções de Penas Privativas de Liberdade no 1º Grau
exejudje;ExeJudJE - Casos Novos de Execução Judicial nos Juizados Especiais
exejudncrim1;ExeJudNCrim1º - Execuções Judiciais no 1º Grau, exceto execuções penais
exejudncrimje;ExeJudNCrimJE - Execuções Judiciais nos Juizados Especiais, exceto execuções penais
exejudp1;ExeJudP1º - Casos Pendentes de Execução Judicial no 1º Grau
exejudpcrimnpl1;ExeJudPCrimNPL1º - Execuções Pendentes de Penas Não-Privativas de Liberdade no 1º Grau
exejudpcrimnplje;ExeJudPCrimNPLJE - Execuções Pendentes de Penas Não-Privativas de Liberdade nos Juizados Especiais
exejudpcrimpl1;ExeJudPCrimPL1º - Execuções Pendentes de Penas Privativas de Liberdade no 1º Grau
exejudpje;ExeJudPJE - Casos Pendentes de Execução de Título Judicial nos Juizados Especiais
exejudpncrim1;ExeJudPNcrim1º - Execuções Judiciais Pendentes no 1º Grau, exceto execuções penais
exejudpncrimje;ExeJudPNCrimJE - Execuções Judiciais Pendentes nos Juizados Especiais, exceto execuções penais
exesusfisc1;ExeSuSFisc1º - Execuções Fiscais Sobrestadas ou Suspensas ou em Arquivo Provisório
exesusje;ExeSuSJE - Execuções Sobrestadas ou Suspensas ou em Arquivo Provisório
exesusnfisc1;ExeSuSNfisc1º - Execuções Sobrestadas ou Suspensas ou em Arquivo Provisório, exceto execuções fiscais e penais
f1;F1 - Cargos de Magistrado Existentes por 100.000 habitantes
f2;F2 - Magistrados por 100.000 habitantes
f3;F3 - Força de Trabalho por 100.000 habitantes
f4a;F4a - Servidores do Quadro Efetivo por 100.000 habitantes
f4b;F4b - Força de Trabalho Auxiliar por 100.000 habitantes
f4c;F4c - Cargos Efetivos Existentes por 100.000 habitantes
f4d;F4d - Cargos em Comissão e Funções Comissionadas Existentes em relação aos Cargos Efetivos Existentes
f4e;F4e - Total de Pessoal Requisitado Extraordinariamente em Relação ao Total de Servidores do Tribunal.
f5;F5 – Força de Trabalho da Área de Tecnologia da Informação em relação ao total de servidores
f6;F6 – Força de Trabalho das Escolas Judiciais em relação ao total de servidores
fc;FC – Funções de Confiança Existentes
ftt;FTT - Força de Trabalho Total de Servidores e Magistrados
g1;G1 - Despesa Total da Justiça em relação ao PIB
g10a;G10a – Despesa média por Magistrado
g10b;G10b – Despesa média por Servidor
g10c;G10c – Despesa média por Terceirizado
g10d;G10d – Despesa média por Estagiário
g11;G11 - Despesas com Serviço Extraordinário de Terceirizados em Relação à Despesa Total do Pleito Eleitoral
g12;G12 - Despesas com Atualização e Manutenção do Sistema de Votação e Apuração em relação à Despesa Total
g13;G13 – Despesas com Serviço Extraordinário de Servidores em Relação à Despesa Total do Pleito Eleitoral
g14;G14 – Despesas com Serviço Extraordinário de Terceirizados em Relação à Despesa Total do Pleito Eleitoral
g15;G15 – Despesas com Atualização e Manutenção do Sistema de Votação e Apuração em relação à Despesa Total do Tribunal
g2;G2 - Despesa Total da Justiça em relação à Despesa Pública
g3;G3 - Despesa com Recursos Humanos em relação à Despesa Total da Justiça
g4;G4 - Despesa com Bens e Serviços e de Capital em relação à Despesa Total da Justiça
g5;G5 - Despesa com Pessoal e Encargos do Quadro Permanente em relação à Despesa Total da Justiça
g5a;G5a - Despesa com Pessoal Ativo e Encargos em relação à Despesa Total da Justiça
g5b;G5b - Despesa com Pessoal Inativo e Instituidores de Pensão em relação à Despesa Total da Justiça
g6;G6 - Despesa com Custeio e Capital em relação à Despesa Total da Justiça
g7;G7 - Despesa Total da Justiça por Habitante (R$)
g8;G8 - Despesas com Pleitos Eleitorais em relação à Despesa Total
g9;G9 - Despesas com Pleitos Eleitorais por Eleitor(R$)
gt;GT - Gastos Totais
h1;h1 - Número de Habitantes
h2;h2 - Número de Habitantes dividido por 100.000
i;i - Arrecadações sobre a despesa total da Justiça
i1;I1 - Arrecadação com Custas e Emolumentos em relação à Despesa Total da Justiça
i2;I2 - Arrecadação com Receitas de Execução Fiscal em Relação à Despesa Total da Justiça
i2a;I2a - Arrecadação com Execução Fiscal e Impostos causa mortis em Relação à Despesa Total da Justiça
i2b;I2b - Arrecadação decorrente de Execução das Penalidades impostas pelos Órgãos de Fiscalização das Relações de Trabalho em relação à Despesa Total da Justiça
i3;I3 - Arrecadação com Execuções Previdenciárias em relação à Despesa Total da Justiça
i4;I4 - Arrecadação com Imposto de Renda em relação à Despesa Total da Justiça
i5;I5 - Valores Pagos aos Jurisdicionados em relação à Despesa Total da Justiça
i6;I6 - Saldo de Depósitos Judiciais Pendentes em relação à Despesa Total da Justiça
i7;I7 - Saldo de Depósitos Recursais Pendentes em relação à Despesa Total da Justiça
iad;IAD - Processos Baixados por Caso Novo
iad1;IAD1º - Processos Baixados por Caso Novo no 1º Grau
iad2;IAD2º - Processos Baixados por Caso Novo no 2º grau
iadc1;IADC1º - Processos Baixados por Caso Novo na fase de conhecimento do 1º Grau
iadccrim1;IADCCrim1º - Processos Baixados por Caso Novo Criminais na Fase de Conhecimento do 1º Grau
iadccrimje;IADCCrimJe - Processos Baixados por Caso Novo Criminais na Fase de Conhecimento dos Juizados Especiais
iadcje;IADCJe - Processos Baixados por Caso Novo na fase de conhecimento dos Juizados Especiais
iadcncrim1;IADCNCrim1º - Processos Baixados por Caso Novo Não-Criminais na Fase de Conhecimento do 1º Grau
iadcncrimje;IADCNCrimJe - Processos Baixados por Caso Novo Não-Criminais na Fase de Conhecimento dos Juizados Especiais
iadcrim;IADCrim - Processos Baixados por Caso Novo Criminais
iadcrim2;IADCrim2º - Processos Baixados por Caso Novo Criminais no 2º grau
iadcrimtr;IADCrimTr - Processos Baixados por Caso Novo Criminais nas Turmas Recursais
iadex1;IADEx1º - Processos Baixados por Caso Novo na fase de execução do 1º Grau
iadexje;IADExJe - Processos Baixados por Caso Novo na fase de execução dos Juizados Especiais
iadext1;IADExt1º - Processos Baixados por Caso Novo na Execução Extrajudicial do 1º Grau
iadextfisc1;IADExtFisc1º - Processos Baixados por Caso Novo na Execução Fiscal do 1º Grau
iadextje;IADExtJe - Processos Baixados por Caso Novo na Execução Extrajudicial dos Juizados Especiais
iadextnfisc1;IADExtNFisc1º - Processos Baixados por Caso Novo na Execução Extrajudicial não-Fiscal do 1º Grau
iadje;IADJe - Processos Baixados por Caso Novo nos Juizados Especiais
iadjud1;IADJud1º - Processos Baixados por Caso Novo na Execução Judicial do 1º Grau
iadjudcrimnpl1;IADJudCrimNPL1º - Processos Baixados por Caso Novo na Execução de Penas Não-Privativas de Liberdade do 1º Grau
iadjudcrimnplje;IADJudCrimNPLJe - Processos Baixados por Caso Novo na Execução de Penas Não-Privativas de Liberdade dos Juizados Especiais
iadjudcrimpl1;IADJudCrimPL1º - Processos Baixados por Caso Novo na Execução de Penas Privativas de Liberdade do 1º Grau
iadjudje;IADJudJe - Processos Baixados por Caso Novo na Execução Judicial dos Juizados Especiais
iadjudncrim1;IADJudNCrim1º - Processos Baixados por Caso Novo na Execução Judicial Não-Criminal do 1º Grau
iadjudncrimje;IADJudNCrimJe - Processos Baixados por Caso Novo na Execução Judicial Não-Criminal dos Juizados Especiais
iadncrim;IADNCrim - Processos Baixados por Caso Novo Não-Criminais
iadncrim2;IADNCrim2º - Processos Baixados por Caso Novo Não-Criminais no 2º grau
iadncrimtr;IADNCrimTr - Processos Baixados por Caso Novo Não-Criminais nas Turmas Recursais
iadstm;IADSTM – Índice de Atendimento à Demanda no STM
iadtr;IADTr - Processos Baixados por Caso Novo nas Turmas Recursais
iadtru;IADTRU - Processos Baixados por Caso Novo nas Turmas Regionais de Uniformização
ic;IC – Índice de Conciliação
ic1;IC1º – Índice de Conciliação do 1º grau
ic2;IC2º – Índice de Conciliação no 2º Grau
icc1;ICC1º – Índice de Conciliação na Fase de Conhecimento do 1º grau
iccje;ICCJE – Índice de Conciliação na Fase de Conhecimento dos Juizados Especiais
icex1;ICEx1º – Índice de Conciliação na Fase de Execução do 1º Grau
icexje;ICExJE – Índice de Conciliação na Fase de Execução dos Juizados Especiais
icje;ICJE – Índice de Conciliação na Fase de Conhecimento dos Juizados Especiais
ictr;ICTR – Índice de Conciliação nas Turmas Recursais
idporte;Identificador do porte do tribunal
impje;ImpJE - Índice de Impugnações dos Juizados Especiais
incex;IncEx - Total de Incidentes em Execução
incex1;IncEx1º - Incidentes em Execução no 1º Grau
incexfisc1;IncExFisc1º - Incidentes de Execução Fiscal no 1º Grau
incexj;IncExJ – Incidentes em Execução Julgados
incexje;IncExJE - Incidentes de Execução nos Juizados Especiais
incexnfisc1;IncExNFisc1º - Incidentes de Execução no 1º Grau, exceto em execuções fiscais e penais
incexp;IncExP - Total de Incidentes em Execução Pendentes
incexp1;IncExP1º - Incidentes em Execução Pendentes no 1º Grau
incexpfisc1;IncExPFisc1º - Incidentes de Execução Fiscal Pendentes no 1º Grau
incexpje;IncExPJE - Incidentes de Execução Pendentes nos Juizados Especiais
incexpnfisc1;IncExPNfisc1º - Incidentes de Execução Pendentes no 1º Grau, exceto em execuções fiscais e penais
inf1;Inf1 - Despesa com Tecnologia da Informação e Comunicação em relação à Despesa Total da Justiça
inf2;Inf2 - Número de Computadores por Usuário
ipm;IPM - Índice de Produtividade dos Magistrados
ipm1;IPM1º - Índice de Produtividade dos Magistrados no 1º Grau
ipm2;IPM2º - Índice de Produtividade dos Magistrados no 2º Grau
ipmc1;IPMC1º - Índice de Produtividade dos Magistrados na Fase de Conhecimento do 1º Grau
ipmcje;IPMCJE - Índice de Produtividade dos Magistrados na Fase de Conhecimento dos Juizados Especiais
ipmex1;IPMEx1º - Índice de Produtividade dos Magistrados na Fase de Execução do 1º Grau
ipmexje;IPMExJE - Índice de Produtividade dos Magistrados na Fase de Execução dos Juizados Especiais
ipmje;IPMJE - Índice de Produtividade dos Magistrados nos Juizados Especiais
ipmstm;IPMSTM – Índice de Produtividade dos Magistrados no STM
ipmtr;IPMTR - Índice de Produtividade dos Magistrados nas Turmas Recursais
ipmtru;IPMTRU - Índice de Produtividade dos Magistrados nas Turmas Regionais de Uniformização
ips;IPS - Índice de Produtividade dos Servidores
ipsjud;IPSJud - Índice de Produtividade dos Servidores da Área Judiciária
ipsjud1;IPSJud1º - Índice de Produtividade dos Servidores da Área Judiciária no 1º Grau
ipsjud2;IPSJud2º - Índice de Produtividade dos Servidores da Área Judiciária no 2º Grau
ipsjudc1;IPSJudC1º - Índice de Produtividade dos Servidores da Área Judiciária na Fase de Conhecimento do 1º Grau
ipsjudcje;IPSJudCJE - Índice de Produtividade dos Servidores da Área Judiciária na Fase de Conhecimento dos Juizados Especiais
ipsjudex1;IPSJudEx1º - Índice de Produtividade dos Servidores da Área Judiciária na Fase de Execução do 1º Grau
ipsjudexje;IPSJudExJE - Índice de Produtividade dos Servidores da Área Judiciária na Fase de Execução dos Juizados Especiais
ipsjudje;IPSJudJE - Índice de Produtividade dos Servidores da Área Judiciária nos Juizados Especiais
ipsjudstm;IPSJudSTM – Índice de Produtividade dos Servidores da Área Judiciária no STM
ipsjudtr;IPSJudTR - Índice de Produtividade dos Servidores da Área Judiciária nas Turmas Recursais
ipsjudtru;IPSJudTRU - Índice de Produtividade dos Servidores da Área Judiciária nas Turmas Regionais de Uniformização
isupje;ISupJE - Impugnações a Decisões dos Juizados Especiais
je;Número de Juizados Especiais
jg;JG - Assistência Judiciária Gratuita
justica;Ramo de Justiça
k;K - Carga de Trabalho dos Magistrados
k1;K1 - Carga de Trabalho dos Magistrados no 1º Grau
k2;K2º - Carga de Trabalho dos Magistrados no 2º Grau
kc1;KC1º - Carga de Trabalho dos Magistrados na Fase de Conhecimento do 1º Grau
kcje;KCJE - Carga de Trabalho dos Magistrados na Fase de Conhecimento dos Juizados Especiais
kex1;KEx1º - Carga de Trabalho dos Magistrados na Fase de Execução do 1º Grau
kexje;KExJE - Carga de Trabalho dos Magistrados na Fase de Execução dos Juizados Especiais
kje;KJE - Carga de Trabalho dos Magistrados nos Juizados Especiais
kl;KL – Carga de Trabalho Líquida dos Magistrados
kl1;KL1º – Carga de Trabalho Líquida dos Magistrados no 1º Grau
kl2;KL2º – Carga de Trabalho Líquida dos Magistrados no 2º Grau
klcje;KLCJE – Carga de Trabalho Líquida dos Magistrados na Fase de Conhecimento dos Juizados Especiais
klex;KLEx1º – Carga de Trabalho Líquida dos Magistrados na Fase de Execução do 1º Grau
klex1;KLEx1º – Carga de Trabalho Líquida dos Magistrados na Fase de Execução do 1º Grau
klexje;KLExJE – Carga de Trabalho Líquida dos Magistrados na Fase de Execução dos Juizados Especiais
klje;KLJE – Carga de Trabalho Líquida dos Magistrados dos Juizados Especiais
klstm;KLSTM  – Carga de Trabalho Líquida dos Magistrados no STM
kltr;KLTR – Carga de Trabalho Líquida dos Magistrados nas Turmas Recursais
ks;KS - Carga de Trabalho por Servidor da Área Judiciária
ks1;KS1 - Carga de Trabalho por Servidor da Área Judiciária no 1º Grau
ks2;KS2 - Carga de Trabalho por Servidor da Área Judiciária no 2º Grau
ksc1;KSC1 - Carga de Trabalho por Servidor da Área Judiciária na Fase de Conhecimento do 1º Grau
kscje;KSCJE - Carga de Trabalho por Servidor da Área Judiciária na Fase de Conhecimento dos Juizados Especiais
ksex1;KSEx1 - Carga de Trabalho por Servidor da Área Judiciária na Fase de Execução do 1º Grau
ksexje;KSExJE - Carga de Trabalho por Servidor da Área Judiciária na Fase de Execução dos Juizados Especiais
ksje;KSJE - Carga de Trabalho por Servidor da Área Judiciária nos Juizados Especiais
kstm;KSTM – Carga de Trabalho Total dos Magistrados no STM
kstr;KSTR - Carga de Trabalho por Servidor da Área Judiciária nas Turmas Recursais
kstru;KSTRU - Carga de Trabalho por Servidor da Área Judiciária nas Turmas Regionais de Uniformização
ktr;KTR - Carga de Trabalho dos Magistrados nas Turmas Recursais
ktru;KTRU - Carga de Trabalho dos Magistrados nas Turmas Regionais de Uniformização
mag;Mag - Total de Magistrados
mag1;Mag1º - Total de Magistrados no 1º Grau
mag2;Mag2º - Total de Magistrados no 2º Grau
magaj;Número de magistrados afastados
magaj1;MagAJ1º - Número de Magistrados Afastados da Jurisdição no 1º Grau
magajje;MagAJJE - Número de Magistrados Afastados da Jurisdição nos Juizados Especiais
magajtr;MagAJTR - Número de Magistrados Afastados da Jurisdição nas Turmas Recursais
mage;MagE - Total de Cargos de Magistrado Existentes
mage1;MagE1º - Número de Cargos Existentes de Magistrado no 1º Grau
mage2;MagE2º - Número de Cargos Existentes de Magistrado no 2º Grau
mageje;MagEJe - Número de Cargos Existentes de Magistrado nos Juizados Especiais
magesub2;MagESub2º - Número de Cargos Existentes de Juiz Substituto no 2º Grau
magetit2;MagEtit2º – Número de Cargos Existentes de Magistrado Titular no 2º Grau
magje;MagJE - Total de Magistrados nos Juizados Especiais
magp;Número de cargos de Magistrado Providos
magp2;MagP2º - Número de Cargos Providos de Magistrado no 2º Grau
magpac1trje;MagPAc1TRJE - Número de Cargos Providos de Magistrado que Acumulam Função no 1º Grau, em Turmas Recursais ou Juizados Especiais
magpacje1;MagPAcJe1º - Número de Cargos Providos de Magistrado no 1º Grau que Acumulam Função em Juizados Especiais
magpactr1;MagPAcTr1º - Número de Cargos Providos de Magistrado no 1º Grau que Acumulam Função em Turmas Recursais
magpactrje;MagPAcTrJe - Número de Cargos Providos de Magistrado nos Juizados Especiais que Acumulam Função em Turmas Recursais
magpae1;MagPAe1º - Número de Cargos Providos de Magistrado no 1º Grau com Atuação Exclusiva
magpaeje;MagPAeJe - Número de Cargos Providos de Magistrado nos Juizados Especiais com Atuação Exclusiva
magpaetr;MagPAeTr - Número de Cargos Providos de Magistrado nas Turmas Recursais com atuação exclusiva
magpje;MagPJE – Cargos de Magistrado Providos nos Juizados Especiais
magptit2;MagPtit2º – Número de Cargos Providos de Magistrado Titular no 2º Grau
magptr;MagPTR – Cargos de Magistrado Providos nas Turmas Recursais
magtr;MagTR - Total de Magistrados nas Turmas Recursais
magv;Número de cargos vagos de magistrado
me;Número de militares
mldisparq;MLDispArq - Espaço disponível de arquivo em metros lineares
mlutilarq;MLUtilArq - Espaço utilizado com arquivo em metros lineares
munic;Número de municípios
odck;ODCK – Outras Despesas Correntes e de Capital
peoutros;PeOutros – Percentual de Processos Suspensos ou Sobrestados (exceto Repercussão Geral e Recursos Repetitivos)
peoutros1;PeOutros1 – Percentual de Processos Suspensos ou Sobrestados no 1º grau (exceto Repercussão Geral e Recursos Repetitivos)
peoutros2;PeOutros2 – Percentual de Processos Suspensos ou Sobrestados no 2º grau (exceto Repercussão Geral e Recursos Repetitivos)
peoutrosje;PeOutrosJE – Percentual de Processos Suspensos ou Sobrestados nos Juizados Especiais (exceto Repercussão Geral e Recursos Repetitivos)
peoutrostr;PeOutrosTR – Percentual de Processos Suspensos ou Sobrestados nas Turmas Recursais (exceto Repercussão Geral e Recursos Repetitivos)
perg;PeRG – Percentual de Processos Suspensos ou Sobrestados em Razão de Repercussão Geral
perg1;PeRG1º – Percentual de Processos Suspensos ou Sobrestados no 1º Grau em Razão de Repercussão Geral
perg2;PeRG2º – Percentual de Processos Suspensos ou Sobrestados no 2º Grau em Razão de Repercussão Geral
pergje;PeRGJE – Percentual de Processos Suspensos ou Sobrestados nos Juizados Especiais em Razão de Repercussão Geral
pergstm;PeRGSTM – Percentual de Processos Suspensos ou Sobrestados em Razão de Repercussão Geral no STM
pergtr;PeRGTR – Percentual de Processos Suspensos ou Sobrestados em Razão de Repercussão Geral nas Turmas Recursais
perr;PeRR – Percentual de Processos Suspensos ou Sobrestados em Razão de Recurso Repetitivo
perr1;PeRR1º – Percentual de Processos Suspensos ou Sobrestados no 1º Grau em Razão de Recurso Repetitivo
perr2;PeRR2º – Percentual de Processos Suspensos ou Sobrestados no 2º Grau em Razão de Recurso Repetitivo
perrje;PeRRJE – Percentual de Processos Suspensos ou Sobrestados nos Juizados Especiais em Razão de Recurso Repetitivo
perrtr;PeRRTR – Percentual de Processos Suspensos ou Sobrestados nas Turmas Recursais em Razão de Recurso Repetitivo
pesus;PeSuS – Percentual de Processos Suspensos ou Sobrestados
pesus1;PeSuS1 – Percentual de Processos Suspensos ou Sobrestados no 1º Grau
pesus2;PeSuS2 – Percentual de Processos Suspensos ou Sobrestados no 2º Grau
pesusc1;PeSuSC1 – Percentual de Processos de Conhecimento Suspensos ou Sobrestados no 1º Grau
pesuscje;PeSuSCJE – Percentual de Processos de Conhecimento Suspensos ou Sobrestados nos Juizados Especiais
pesusex1;PeSuSEx1 – Percentual de Processos de Execução Suspensos ou Sobrestados no 1º Grau
pesusexje;PeSuSExJE – Percentual de Processos de Execução Suspensos ou Sobrestados nos Juizados Especiais
pesusje;PeSuSJE – Percentual de Processos Suspensos ou Sobrestados nos Juizados Especiais
pesusstm;PeSuSSTM – Percentual de Processos Suspensos ou Sobrestados no STM
pesustr;PeSuSTR – Percentual de Processos Suspensos ou Sobrestados nas Turmas Recursais
pexs1;PExS1º - Percentual de Processos de Execução de Títulos Judiciais e Extrajudiciais (exceto penal e fiscal) que estão Suspensos ou Sobrestados ou em Arquivo Provisório no 1º grau
pexsfisc1;PExSFisc1º - Percentual de Processos de Execução Fiscal Suspensos ou Sobrestados ou em Arquivo Provisório no 1º grau
pib;PIB - Produto Interno Bruto
pm;Pm² – Força de Trabalho Total em relação à Área Útil (metros quadrados)
porte;Porte do Tribunal
procel;ProcEl - Índice de Processos Eletrônicos
procel1;ProcEl1º - Índice de Processos Eletrônicos no 1º Grau
procel2;ProcEl2º - Índice de Processos Eletrônicos no 2º Grau
procelje;ProcElJE - Índice de Processos Eletrônicos nos Juizados Especiais
procelstm;ProcElSTM – Índice de Processos Eletrônicos no STM
proceltr;ProcElTR - Índice de Processos Eletrônicos nas Turmas Recursais
proceltru;ProcElTRU – Índice de Processos Eletrônicos na Turma Regional de Uniformização
procml;ProcML - Espaço Utilizado em relação ao Espaço Disponível para Arquivamento de Processos Judiciais (metros lineares)
proct;ProcT – Espaço Terceirizado em relação ao Espaço Total Utilizado para Arquivamento de Processos (metros lineares)
r;R - Recolhimentos Diversos
ranking;Ordem do porte
receitas;Receitas - Total de Receitas
ref;REF - Receita decorrente de Execuções Fiscais
ricm;RICM - Receitas de Imposto Causa Mortis nos inventários/ arrolamentos
rin;RIn – Recorribilidade Interna
rin1;Rin1º - Recorribilidade Interna na Fase de Conhecimento do 1º Grau
rin2;RIn2º - Recorribilidade Interna de 2º Grau
rin2a;Rin2ºa - Recorribilidade Interna de Decisão Monocrática de 2º Grau
rin2b;Rin2ºb - Recorribilidade Interna de Embargos de Declaração no 2º Grau
rina;RIna – Recorribilidade Interna de Decisão Monocrática
rinb;Rinb – Recorribilidade Interna de Embargos de Declaração
rinc;Rinc –Recorribilidade Interna de Embargos
rinje;RinJE - Recorribilidade Interna na Fase de Conhecimento dos Juizados Especiais
rint;Rint - Total de Recursos Internos
rint2;RInt2º - Recursos Internos no 2º Grau
rintc1;RIntC1º - Recursos Internos no 1º Grau na Fase de Conhecimento
rintcje;RIntCJE - Recursos Internos da Fase de Conhecimento nos Juizados Especiais
rintcp1;RIntCP1º - Recursos Internos Pendentes no 1º Grau na Fase de Conhecimento
rintcpje;RIntCPJE - Recursos Internos Pendentes nos Juizados Especiais na Fase de Conhecimento
rintinc;RIntInc - Recursos Internos e Incidentes de Execução
rintincp;RIntIncP - Recursos Internos e Incidentes de Execução Pendentes
rintp;RintP - Total de Recursos Internos Pendentes
rintp2;RIntP2º - Recursos Internos Pendentes no 2º Grau
rintptr;RIntPTR - Recursos Internos Pendentes nas Turmas Recursais
rintr;RInTR - Recorribilidade Interna das Turmas Recursais
rinttr;RIntTR - Recursos Internos nas Turmas Recursais
rjai1;RjAI1º - Recursos de Agravos de Instrumento Julgados pelos Tribunais Estaduais
rjai2;RjAI2º - Recursos de Agravos de Instrumento julgados pelo STJ
rjap1;RjAP1º - Recursos de Apelações Julgados pelos Tribunais Estaduais
rjesp2;RjEsp2º - Recursos Especiais julgados pelo STJ
rjext2;RjExt2º - Recursos Extraordinários julgados pelo STF
rjexttr;RjExtTR - Recursos Extraordinários julgados pelo STF
rjinje;RjInJE - Recursos Inominados julgados pelas Turmas Recursais
rpai1;RpAI1º - Recursos das Decisões de 1º Grau Providos pelos Tribunais em Agravos de Instrumento (ainda que parcialmente)
rpai2;RpAI2º - Recursos das decisões de 2º Grau providos pelo STJ em Agravos de Instrumento (ainda que parcialmente)
rpap1;RpAP1º - Recursos das Decisões de 1º Grau Providos pelos Tribunais em Recurso de Apelação (ainda que parcialmente)
rpesp2;RpEsp2º - Recursos das decisões de 2º Grau providos pelo STJ em Recurso Especial (ainda que parcialmente)
rpext2;RpExt2º - Recursos das decisões de 2º Grau providos pelo STF em Recurso Extraordinário (ainda que parcialmente)
rpexttr;RpExtTR - Recursos das decisões de Turmas Recursais providos pelo STF em Recurso Extraordinário (ainda que parcialmente)
rpinje;RpInJE - Recursos Inominados das decisões dos Juizados Especiais providos pelas Turmas Recursais (ainda que parcialmente)
rsup1;RSup1º - Recursos à Instância Superior no 1º Grau
rsup2;RSup2º - Recursos à Instância Superior no 2º Grau
rsupje;RSupJE - Recursos à Instância Superior nos Juizados Especiais
rx;Rx – Recorribilidade Externa
rx1;Rx1º - Recorribilidade Externa de 1º Grau
rx2;Rx2º - Recorribilidade Externa de 2º grau
rxa;Rxa - Recorribilidade Externa de Despacho Denegatório de Admissibilidade no Superior Tribunal de Justiça
rxai2;RxAI2º - Recorribilidade Externa de Agravo de Instrumento para o TST
rxap1;RxAP1º - Recorribilidade Externa na Fase de Execução no 1º Grau
rxje;RxJE - Recorribilidade Externa dos Juizados Especiais
rxro1;RxRO1º - Recorribilidade Externa na Fase de Conhecimento no 1º Grau
sajud;SaJud - Número de Servidores Lotados na Área Judiciária
sajud1;SaJud1º - Total de Servidores Lotados na Área Judiciária do 1º Grau
sajud2;SaJud2º - Número de Servidores Lotados na Área Judiciária do 2º Grau
sajudacje1;SaJudAcJE1º - Número de Servidores Lotados na Área Judiciária do 1º Grau que acumulam função em Juizados Especiais
sajudae1;SaJudAe1º - Número de Servidores Lotados na Área Judiciária do 1º Grau com Atuação Exclusiva
sajudaeje;SaJudAeJE - Número de Servidores Lotados na Área Judiciária dos Juizados Especiais Exclusivos
sajudje;SaJudJE - Total de Servidores Lotados na Área Judiciária dos Juizados Especiais
sajudmag;SajudMag - Servidores da área Judiciária por Magistrado.
sajudmag1;SajudMag1 - Servidores da área Judiciária por Magistrado no 1° Grau.
sajudmag2;SajudMag2 - Servidores da área Judiciária por Magistrado no 2° Grau.
sajudmagje;SajudMagJE - Servidores da área Judiciária por Magistrado nos Juizados Especiais.
sajudmagtr;SajudMagTR - Servidores da área Judiciária por Magistrado nas Turmas Recursais.
sajudp;SaJudP – Cargos Providos de Servidores da Área Judiciária
sajudp1;SaJudP1º – Cargos Providos de Servidores da Área Judiciária no 1º Grau
sajudp2;SaJudP2º – Cargos Providos de Servidores da Área Judiciária no 2º Grau
sajudpje;SaJudPJE – Cargos Providos de Servidores da Área Judiciária nos Juizados Especiais
sajudpstm;SaJudPSTM – Cargos Providos de Servidores da Área Judiciária no STM
sajudptr;SaJudPTR – Cargos Providos de Servidores da Área Judiciária nas Turmas Recursais
sajudptru;SaJudPTRU – Cargos Providos de Servidores da Área Judiciária na Turma Regional de Uniformização
sajudserv;SaJudServ - Servidores da área judiciária em relação ao total de servidores
sajudtr;SaJudTR - Número de Servidores Lotados na Área Judiciária das Turmas Recursais
scn;Scn - Sentenças por Casos Novos
scn1;Scn1 - Sentenças por Casos Novos no 1° Grau.
scn2;Scn2 - Sentenças por Casos Novos no 2° Grau.
scnc1;ScnC1 - Sentenças por Casos Novos de Conhecimento no 1° Grau.
scncje;ScnCJE - Sentenças por Casos Novos de Conhecimento nos Juizados Especiais.
scnex1;ScnEx1 - Sentenças por Casos Novos de Execução no 1° Grau.
scnexje;ScnExJE - Sentenças por Casos Novos de Execução nos Juizados Especiais.
scnje;ScnJE - Sentenças por Casos Novos nos Juizados Especiais.
scntr;ScnTR - Sentenças por Casos Novos nas Turmas Recursais.
scoreacp;Escore do ranking
sent;Sent - Total de Sentenças / Decisões
sent1;Sent1º - Total de Sentenças no 1º Grau
sentc1;SentC1º - Sentenças de Conhecimento no 1º Grau
sentccrim1;SentCCrim1º - Sentenças de Conhecimento no 1º grau Criminais
sentccrimje;SentCCrimJE - Sentenças de Conhecimento nos Juizados Especiais Criminais
sentcje;SentCJE - Sentenças de Conhecimento nos Juizados Especiais
sentcncrim1;SentCNCrim1º - Sentenças de Conhecimento no 1º grau Não-Criminais
sentcncrimje;SentCNCrimJE - Sentenças de Conhecimento nos Juizados Especiais Não-Criminais
sentcrim;SentCrim - Total de Sentenças e Decisões Criminais
sentex1;SentEx1º - Sentenças em Execução no 1º Grau
sentexje;SentExJE - Sentenças em Execução nos Juizados Especiais
sentext1;SentExt1º - Sentenças em Execução de Título Extrajudicial no 1º Grau
sentextfisc1;SentExtFisc1º - Sentenças em Execução Fiscal no 1º grau
sentextje;SentExtJE - Sentenças em Execução de Título Extrajudicial nos Juizados Especiais
sentextnfisc1;SentExtNFisc1º - Sentenças em Execução de Título Extrajudicial no 1º grau, exceto sentenças em execução fiscal
sentje;SentJe - Total de Sentenças nos Juizados Especiais
sentjud1;SentJud1º - Sentenças em Execução Judicial no 1º Grau
sentjudcrim1;SentJudCrim1º - Sentenças em Execução Penal no 1º grau
sentjudcrimnpl1;SentJudCrimNPL1º - Sentenças em Execução de Penas Não-Privativas de Liberdade no 1º grau
sentjudcrimnplje;SentJudCrimNPLJE - Sentenças em Execução de Penas Não-Privativas de Liberdade nos Juizados Especiais
sentjudcrimpl1;SentJudCrimPL1º - Sentenças em Execução de Penas Privativas de Liberdade no 1º grau
sentjudje;SentJudJE - Sentenças em Execução Judicial nos Juizados Especiais
sentjudncrim1;SentJudNCrim1º - Sentenças em Execução Judicial no 1º grau, exceto sentenças em execução penal
sentjudncrimje;SentJudNCrimJE - Sentenças em Execução nos Juizados Especiais Não-Criminais
sentncrim;SentNCrim - Total de Sentenças e Decisões Não-Criminais
seq_orgao;Identificador do Tribunal
serint1;SeRInt1º - Sentenças no 1º Grau Passíveis de Recurso Interno
serintje;SeRIntJE - Sentenças nos Juizados Especiais Passíveis de Recurso Interno
serv;Total de servidores
sigla;Sigla do Tribunal
sm;SM - Sentenças / Decisões Terminativas de Processo por Magistrado
sm1;SM1 - Sentenças por Magistrados no 1º Grau
sm2;DTM2º - Decisões Terminativas de Processo por Magistrado no 2º Grau
smc1;SMC1º - Sentenças por Magistrados na Fase de Conhecimento do 1º Grau
smcje;SMCJE - Sentenças por Magistrados na Fase de Conhecimento dos Juizados Especiais
smex1;SMEx1º - Sentenças por Magistrados na Fase de Execução do 1º Grau
smexje;SMExJE - Sentenças por Magistrados na Fase de Execução dos Juizados Especiais
smje;SMJE - Sentenças por Magistrados nos Juizados Especiais
smstm;SMSTM – Sentenças por Magistrado do STM
smtr;DTMTR - Decisões Terminativas por Magistrado na Turma Recursal
smtru;SMTRU – Sentenças por Magistrado das Turmas Regionais de Uniformização
susex1;SuSEx1º – Execuções Suspensas ou Sobrestadas ou em Arquivo Provisório no 1º Grau
target.tbaix;Total de processos baixados
target.tbaix1;Total de processos baixados no 1º grau
target.tbaix2;Total de processos baixados no 2º grau
tbaix;TBaix - Total de Processos Baixados
tbaix1;TBaix1º - Total de Processos Baixados no 1º Grau
tbaix2;TBaix2º - Total de Processos Baixados no 2º Grau
tbaix3;TBaix3 - Total de Processos Baixados
tbaixc1;TBaixC1º - Total de Processos de Conhecimento Baixados no 1º Grau
tbaixccrim1;TBaixCCrim1º - Processos de Conhecimento Baixados no 1º Grau Criminais
tbaixccrimje;TBaixCCrimJE - Total de Processos de Conhecimento Baixados nos Juizados Especiais Criminais
tbaixcje;TBaixCJE - Total de Processos de Conhecimento Baixados nos Juizados Especiais
tbaixcncrim1;TBaixCNCrim1º - Processos de Conhecimento Baixados no 1º Grau Não-Criminais
tbaixcncrimje;TBaixCNCrimJE - Total de Processos de Conhecimento Baixados nos Juizados Especiais Não-Criminais
tbaixcrim;TBaixCrim - Total de Processos Baixados Criminais
tbaixcrim2;TBaixCrim2º - Total de Processos Baixados no 2º Grau Criminais
tbaixcrim3;Processos baixados criminais nos Tribunais Superiores
tbaixcrimtr;TBaixCrimTR - Total de Processos Baixados nas Turmas Recursais Criminais
tbaixex1;TBaixEx1º - Total de Processos Baixados de Execução no 1º Grau
tbaixexje;TBaixExJE - Total de Processos de Execução Baixados nos Juizados Especiais
tbaixext1;TBaixExt1º - Total de Processos Baixados de Execução de Título Extrajudicial no 1º Grau
tbaixextfisc1;TBaixExtFisc1º - Total de Processos Baixados de Execução Fiscal no 1º Grau
tbaixextje;TBaixExtJE - Total de Processos Baixados de Execução de Título Extrajudicial nos Juizados Especiais
tbaixextnfisc1;TBaixExtNFisc1º - Total de Processos Baixados de Execução de Títulos Extrajudiciais no 1º Grau, exceto execuções fiscais
tbaixje;TBaixJE - Total de Processos Baixados nos Juizados Especiais
tbaixjud1;TBaixJud1º - Total de Processos Baixados de Execução Judicial no 1º Grau
tbaixjudcrim1;TBaixJudCrim1 - Total de Processos Baixados de Execução de Penal no 1º Grau
tbaixjudcrimnpl1;TBaixJudCrimNPL1º - Total de Processos Baixados de Execução de Penas Não-Privativas de Liberdade no 1º Grau
tbaixjudcrimnplje;TBaixJudCrimNPLJE - Total de Processos Baixados de Execução de Penas Não-Privativas de liberdade nos Juizados Especiais
tbaixjudcrimpl1;TBaixJudCrimPL1º - Total de Processos Baixados de Execução de Penas Privativas de Liberdade no 1º Grau
tbaixjudje;TBaixJudJE - Total de Processos de Execução Judicial Baixados nos Juizados Especiais
tbaixjudncrim1;TBaixJudNCrim1º - Total de Processos Baixados de Execução Judicial no 1º Grau, exceto execuções penais
tbaixjudncrimje;TBaixJudNCrimJE - Total de Processos Baixados de Execução Judicial nos Juizados Especiais, exceto execuções penais
tbaixncrim;TBaixNCrim - Total de Processos Baixados Não-Criminais
tbaixncrim2;TBaixNCrim2º - Total de Processos Baixados no 2º Grau Não-Criminais
tbaixncrim3;TBaixNCrim3 - Total de processos baixados não criminais nos Tribunais Superiores.
tbaixncrimtr;TBaixNCrimTR - Total de Processos Baixados nas Turmas Recursais Não-Criminais
tbaixtr;TBaixTR - Total de Processos Baixados na Turma Recursal
tc;TC - Taxa de Congestionamento
tc1;TC1 - Taxa de Congestionamento no 1º Grau
tc2;TC2º - Taxa de Congestionamento no 2º Grau
tcc;TCC - Total de Cargos em Comissão Existentes
tcc1;TCC1º - Taxa de Congestionamento na Fase de Conhecimento do 1º Grau
tcc1je;TcC1JE - Taxa de Congestionamento de Conhecimento no 1° Grau e Juizados Especiais.
tcccrim1;TcCCrim1º - Taxa de Congestionamento Criminal na Fase de Conhecimento do 1º Grau
tcccrimje;TcCCrimJe - Taxa de Congestionamento Criminal na Fase de Conhecimento dos Juizados Especiais
tccje;TCCJE - Taxa de Congestionamento na Fase de Conhecimento dos Juizados Especiais
tccncrim1;TcCNCrim1º - Taxa de Congestionamento Não-Criminal na Fase de Conhecimento do 1º Grau
tccncrimje;TcCNCrimJe - Taxa de Congestionamento Não-Criminal na Fase de Conhecimento dos Juizados Especiais
tccrim;TcCrim - Taxa de Congestionamento Criminal
tccrim2;TcCrim2º - Taxa de Congestionamento Criminal no 2º grau
tccrimtr;TcCrimTr - Taxa de Congestionamento Criminal nas Turmas Recursais
tcefet;TCEfet - Total de Cargos do Quadro Efetivo Existentes
tcex1;TCEx1º - Taxa de Congestionamento na Fase de Execução do 1º Grau
tcexje;TCexJE - Taxa de Congestionamento na Fase de Execução dos Juizados Especiais
tcext1;TcExt1º - Taxa de Congestionamento na Execução Extrajudicial do 1º Grau
tcextfisc1;TcExtFisc1º - Taxa de Congestionamento na Execução Fiscal do 1º Grau
tcextje;TCExtJe - Taxa de Congestionamento na Execução Extrajudicial dos Juizados Especiais
tcextnfisc1;TcExtNFisc1º - Taxa de Congestionamento na Execução Extrajudicial não-Fiscal do 1º Grau
tcje;TCJE - Taxa de Congestionamento nos Juizados Especiais
tcjud1;TcJud1º - Taxa de Congestionamento na Execução Judicial do 1º Grau
tcjudcrimnpl1;TcJudCrimNPL1º - Taxa de Congestionamento na Execução de Penas Não-Privativas de Liberdade do 1º Grau
tcjudcrimnplje;TCJudCrimNPLJe - Taxa de Congestionamento na Execução de Penas Não-Privativas de Liberdade dos Juizados Especiais
tcjudcrimpl1;TcJudCrimPL1º - Taxa de Congestionamento na Execução de Penas Privativas de Liberdade do 1º Grau
tcjudje;TCJudJe - Taxa de Congestionamento na Execução Judicial dos Juizados Especiais
tcjudncrim1;TcJudNCrim1º - Taxa de Congestionamento na Execução Não-Criminal do 1º Grau
tcjudncrimje;TCJudNCrimJe - Taxa de Congestionamento na Execução Judicial Não-Criminal dos Juizados Especiais
tcl;TCL – Taxa de Congestionamento Líquida
tcl1;TCL1º – Taxa de Congestionamento Líquida do 1º Grau
tcl2;TCL2º – Taxa de Congestionamento Líquida do 2º Grau
tclc1;TCLC1º – Taxa de Congestionamento Líquida na Fase de Conhecimento do 1º Grau
tclcje;TCLCJE – Taxa de Congestionamento Líquida na Fase de Conhecimento dos Juizados Especiais
tclex1;TCLEx1º – Taxa de Congestionamento Líquida na Fase de Execução do 1º Grau
tclexje;TCLExJE – Taxa de Congestionamento Líquida na Fase de Execução dos Juizados Especiais
tclje;TCLJE – Taxa de Congestionamento Líquida dos Juizados Especiais
tclstm;TCLSTM – Taxa de Congestionamento Líquida no STM
tcltr;TCLTR – Taxa de Congestionamento Líquida nas Turmas Recursais
tcncrim;TcNCrim - Taxa de Congestionamento Não-Criminal
tcncrim2;TcNCrim2º - Taxa de Congestionamento Não-Criminal no 2º grau
tcncrimtr;TcNCrimTr - Taxa de Congestionamento Não-Criminal nas Turmas Recursais
tcstm;TCSTM – Taxa de Congestionamento Total no STM
tctr;TCTR - Taxa de Congestionamento nas Turmas Recursais
tctru;TCTRU - Taxa de Congestionamento nas Turmas Regionais de Uniformização
tfaux;TFAux - Total da Força de Trabalho Auxiliar
tfaux1;TFAux1º - Total da Força de Trabalho Auxiliar no 1º Grau
tfaux2;TFAux2º - Total da Força de Trabalho Auxiliar no 2º Grau
tfauxc;TFAuxC - Total da Força de Trabalho Auxiliar de Conciliadores
tfauxc1;TFAuxC1º - Total da Força de Trabalho Auxiliar de Conciliadores
tfauxc2;TFAuxC2º - Total da Força de Trabalho Auxiliar no 2º Grau de Conciliadores
tfauxe;TFAuxE - Total da Força de Trabalho Auxiliar de Estagiários
tfauxe1;TFAuxE1º - Total da Força de Trabalho Auxiliar de Estagiários
tfauxe2;TFAuxE2º - Total da Força de Trabalho Auxiliar no 2º Grau de Estagiários
tfauxjl;TFAuxJL - Total da Força de Trabalho Auxiliar de Juízes leigos
tfauxjl1;TFAuxJL1º - Total da Força de Trabalho Auxiliar de Juízes leigos
tfauxjl2;TFAuxJL2º - Total da Força de Trabalho Auxiliar no 2º Grau de Juízes Leigos
tfauxt;TFAuxT - Total da Força de Trabalho Auxiliar de Terceirizados
tfauxt1;TFAuxT1º - Total da Força de Trabalho Auxiliar de Terceirizados
tfauxt2;TFAuxT2º - Total da Força de Trabalho Auxiliar no 2º Grau de Terceirizados
tfc;TFc - Total de Funções Comissionadas Existentes
tpaf;TPAf – Total de Pessoal Afastado
tpaf1;TPAf1º – Total de Pessoal Afastado da Área Judiciária no 1º Grau
tpaf2;TPAf2º – Total de Pessoal Afastado da Área Judiciária no 2º Grau
tpafje;TPAfJE – Total de Pessoal Afastado da Área Judiciária nos Juizados Especiais
tpafstm;TPAfSTM – Total de Pessoal Afastado do STM
tpaftr;TPAfTR – Total de Pessoal Afastado da Área Judiciária nas Turmas Recursais
tpaftru;TPAfTRU – Total de Pessoal Afastado da Área Judiciária na Turma Regional de Uniformização
tpced;TPCed - Total de Pessoal Cedido
tpefet;TPEfet - Total de Pessoal do Quadro Efetivo
tpefet1;TPEfet1º - Total de Pessoal do Quadro Efetivo
tpefet2;TPEfet2º - Total de Pessoal do Quadro Efetivo no 2º Grau
tpi;TPI – Total de Pessoal que ingressou por cessão ou requisição
tpin;TPIn – Total de Pessoal Inativo e Instituidores de Pensão
tpreq;TPReq - Total de Pessoal Requisitado
tpreq1;TPReq1º - Total de Pessoal Requisitado no 1º Grau
tpreq2;TPReq2º - Total de Pessoal Requisitado no 2º Grau
tpreqfpj;TPReqFPJ - Total de Pessoal Requisitado fora do Poder Judiciário
tpreqfpj1;TPReqFPJ1º - Total de Pessoal Requisitado fora do Poder Judiciário
tpreqfpj2;TPReqFPJ2º - Total de Pessoal Requisitado no 2º Grau fora do Poder Judiciário
tpreqpj;TPReqPJ - Total de Pessoal Requisitado do Poder Judiciário
tpreqpj1;TPReqPJ1º - Total de Pessoal Requisitado do Poder Judiciário
tpreqpj2;TPReqPJ2º - Total de Pessoal Requisitado no 2º Grau do Poder Judiciário
tpsv;TPSV - Total de Pessoal sem Vínculo
tpsv1;TPSV1º - Total de Pessoal sem Vínculo
tpsv2;TPSV2º - Total de Pessoal sem Vínculo no 2º Grau
tptotst;Tempo total de tramitação no TST
tram;Total de processos que tramitaram
tram1jetr;Total de processos que tramitaram no 1º grau, Juizados Especiais e Turmas Recursais
tram2tru;Total de processos que tramitaram no 2º grau e Turmas Regionais de Uniformização
traml;Total de processos que tramitaram (Excluídos os processos sobrestados, suspensos ou em arquivo provisório)
traml1jetr;Total de processos que tramitaram no 1º grau, Juizados Especiais e Turmas Recursais (Excluídos os processos sobrestados, suspensos ou em arquivo provisório)
traml2tru;Total de processos que tramitaram no 2º grau e Turmas Regionais de Uniformização (Excluídos os processos sobrestados, suspensos ou em arquivo provisório)
ts;TS - Total de Servidores
tvefet;Total de cargos vagos de servidor
ue;UE - Número de eleitores por Urna
uemc;UEMC - Espaço Utilizado em Relação ao Espaço Disponível para Armazenamento de Urnas Eletrônicas (em Metros Cúbicos)
uf_abrangida;UF abrangida
uf_sede;UF sede
ui;Ui - Usuários de computador
vara;Número de varas
varaadjje;Número de varas adjuntas a Juizados Especiais
varae;Números de varas e Juizados Especiais
varah;Número de varas por cem mil habitantes
varaje;Número de varas e Juizados Especiais
vpag;VPag - Valores Pagos aos Jurisdicionados
